USER_NAME,USER_ID,CARD_NO,PASSWORD,ORDER,ORDER_TIME
Lewis Hamilton,11447722558,1.54227E+15,444,Classic,12/3/2023 14:44
Lebron James,12345678951,1.12033E+15,233,Margherita,10/3/2023 14:52
Sergen Yalçýn,99887766554,1.59263E+15,451,Superos,11/3/2023 12:13
